Harry Potter and the Half-Blood Prince (Harry Potter  #6);en
Harry Potter and the Order of the Phoenix (Harry Potter  #5);en
Harry Potter and the Sorcerer's Stone (Harry Potter  #1);en
Harry Potter and the Chamber of Secrets (Harry Potter  #2);en
Harry Potter and the Prisoner of Azkaban (Harry Potter  #3);en
Unauthorized Harry Potter Book Seven News: "Half-Blood Prince" Analysis and Speculation;en
Harry Potter Collection (Harry Potter  #1-6);en
The Ultimate Hitchhiker's Guide: Five Complete Novels and One Story (Hitchhiker's Guide to the Galaxy  #1-5);en
The Ultimate Hitchhiker's Guide to the Galaxy;en
The Hitchhiker's Guide to the Galaxy (Hitchhiker's Guide to the Galaxy  #1);en
The Ultimate Hitchhiker's Guide (Hitchhiker's Guide to the Galaxy #1-5);en
A Short History of Nearly Everything;en
Songmaster;en
Bill Bryson's African Diary;en
Bryson's Dictionary of Troublesome Words: A Writer's Guide to Getting It Right;en
In a Sunburned Country;en
I'm a Stranger Here Myself: Notes on Returning to America After Twenty Years Away;en
The Lost Continent: Travels in Small Town America;en
Neither Here nor There: Travels in Europe;en
Notes from a Small Island;en
The Mother Tongue: English and How It Got That Way;en
J.R.R. Tolkien 4-Book Boxed Set: The Hobbit and The Lord of the Rings;en
The Lord of the Rings (The Lord of the Rings  #1-3);en
The Fellowship of the Ring (The Lord of the Rings  #1);en
The Lord of the Rings: Weapons and Warfare;en
The Lord of the Rings: Complete Visual Companion;en
The Lord of the Rings Box Set;en
Cooking with Fernet Branca (Gerald Samper  #1);en
Agile Web Development with Rails: A Pragmatic Guide;en
Hatchet;en
Hatchet: A Guide for Using "Hatchet" in the Classroom;en
Guts: The True Stories behind Hatchet and the Brian Books;en
Molly Hatchet - 5 of the Best;en
Hatchet Jobs: Writings on Contemporary Fiction;en
A Changeling for All Seasons (Changeling Seasons #1);en
Changeling (Changeling  #1);en
The Changeling Sea;en
The Changeling;en
The Changeling (Daughters of England  #15);en
The Known World;en
Traders  Guns & Money: Knowns and Unknowns in the Dazzling World of Derivatives;en
Artesia: Adventures in the Known World;en
The John McPhee Reader (John McPhee Reader  #1);en
Uncommon Carriers;en
Heirs of General Practice;en
The Control of Nature;en
Annals of the Former World;en
Coming Into the Country;en
La Place de la Concorde Suisse;en
Giving Good Weight;en
Rising from the Plains;en
The Heidi Chronicles;en
The Heidi Chronicles: Uncommon Women and Others & Isn't It Romantic;en
Active Literacy Across the Curriculum: Strategies for Reading  Writing  Speaking  and Listening;en
Simply Beautiful Beaded Jewelry;en
Always Enough: God's Miraculous Provision Among the Poorest Children on Earth;en
Mapping the Big Picture: Integrating Curriculum & Assessment K-12;en
Heidi;en
There's Always Enough: The Miraculous Move of God in Mozambique;en
What to Expect the First Year (What to Expect);en
The Player's Handbook: The Ultimate Guide on Dating and Relationships;en
Simply Beautiful Beading: 53 Quick and Easy Projects;en
God Emperor of Dune (Dune Chronicles  #4);en
Chapterhouse: Dune (Dune Chronicles #6);en
Dune Messiah (Dune Chronicles #2);en
Dreamer of Dune: The Biography of Frank Herbert;en
Heretics of Dune (Dune Chronicles  #5);en
The Road to Dune (Dune Universe);en
Children of Dune (Dune Chronicles #3);en
Heretics of Dune (Dune Chronicles #5);en
The Power of One (The Power of One  #1);en
The Power of One: One Person  One Rule  One Month;en
Power of an Hour: Business and Life Mastery in One Hour a Week;en
The Power of One: The Solo Play for Playwrights  Actors  and Directors;en
How to Buy  Sell & Profit on eBay: Kick-Start Your Home-Based Business in Just Thirty Days;en
eBay for Dummies;en
What to Sell on ebay and Where to Get It: The Definitive Guide to Product Sourcing for eBay and Beyond;en
Starting an eBay Business for Dummies;en
eBay: Top 100 Simplified Tips & Tricks;en
ebay Timesaving Techniques for Dummies;en
eBay Business All-in-One Desk Reference for Dummies;en
Ruby Cookbook;en
Ruby Ann's Down Home Trailer Park Cookbook;en
Ruby Ann's Down Home Trailer Park BBQin' Cookbook;en
Rails Cookbook: Recipes for Rapid Web Development with Ruby;en
Anna Karenina;en
CliffsNotes on Tolstoy's Anna Karenina;en
Dinner with Anna Karenina;en
Tolstoy: Anna Karenina;en
Untouchable;en
The Untouchable;en
The Untouchables;en
Untouchables: My Family's Triumphant Journey Out of the Caste System in Modern India;en
Dalit: The Black Untaouchables of India;en
Growing Up Untouchable in India: A Dalit Autobiography;en
The Evidence-Based Social Work Skills Book;en
A Wrinkle in Time: A Guide for Using "A Wrinkle in Time" in the Classroom;en
Wrinkles in Time;en
A Wrinkle in Time: With Related Readings (A Wrinkle in Time Quintet #1);en
Literature Circle Guide: A Wrinkle in Time;en
Una arruga en el tiempo – A Wrinkle in Time;en
The Long Shadow (The Morland Dynasty  #6);en
A Long Shadow (Inspector Ian Rutledge  #8);en
Long Way Round: Chasing Shadows Across the World;en
A Shadow in Summer (Long Price Quartet  #1);en
New Hope for the Dead (Hoke Mosely #2);en
Sideswipe: A Hoke Moseley Novel;en
Miami Blues (Hoke Mosely #1);en
I am Charlotte Simmons;en
The Puffin Book of Nonsense Verse;en
Henry Miller on Writing;en
Quiet Days in Clichy;en
Tropic of Cancer;en
Tropic of Capricorn;en
Nexus (The Rosy Crucifixion  #3);en
Sexus (The Rosy Crucifixion  #1);en
The Air-Conditioned Nightmare;en
The Portrait of a Lady;en
The Lover;en
The War;en
The Ravishing of Lol Stein;en
Destroy  She Said;en
L'Amant de la Chine du Nord;en
Love Letters;en
Kahlil Gibran: His Life and World;en
The Beloved: Reflections on the Path of the Heart;en
Jesus the Son of Man;en
The Broken Wings;en
Sand and Foam;en
Treasure Island;en
Treasure Island (Great Illustrated Classics);en
Daniel Deronda;en
100 Years of Lynchings;en
One Hundred Years of Solitude;en
Cien años de soledad;en
On Beyond Zebra!;en
The Wedding Clause;en
The Zebra Wall;en
El perfume: Historia de un asesino;en
Jitterbug Perfume;en
Perfume: The Story of a Murderer;en
Off the Main Sequence: The Other Science Fiction Stories of Robert A. Heinlein;en
The Door Into Summer;en
The Moon is a Harsh Mistress;en
Stranger in a Strange Land;en
The Notebooks of Lazarus Long;en
To Sail Beyond the Sunset;en
Job: A Comedy of Justice;en
Time for the Stars (Heinlein's Juveniles  #10);en
The Long Dark Tea-Time of the Soul (Dirk Gently  #2);en
The Salmon of Doubt (Dirk Gently  #3);en
Mostly Harmless (Hitchhiker's Guide to the Galaxy  #5);en
Wish You Were Here: The Official Biography of Douglas Adams;en
Douglas Adams's Starship Titanic;en
Salmon of Doubt: Hitchhiking the Galaxy One Last Time;en
The Phantom Tollbooth;en
The Phantom Tollbooth: A Children's Play in Two Acts;en
On Bullshit;en
Another Bullshit Night in Suck City;en
Lincoln at Gettysburg: The Words That Remade America;en
The Gettysburg Address;en
Underworld;en
Libra;en
Americana;en
Running Dog;en
Cosmopolis;en
Great Jones Street;en
The Names;en
Against the Day;en
V.;en
The Crying of Lot 49;en
Gravity's Rainbow;en
Mason & Dixon;en
Vineland;en
Slow Learner: Early Stories;en
Been Down So Long It Looks Like Up To Me;en
The Year of Magical Thinking;en
The White Album;en
A Book of Common Prayer;en
Where I Was From;en
Democracy;en
We Tell Ourselves Stories in Order to Live: Collected Nonfiction;en
Play It as It Lays;en
The New York Trilogy;en
City of Glass (The New York Trilogy  #1);en
Ghosts (The New York Trilogy  #2);en
The Locked Room (The New York Trilogy  #3);en
Pyramids of Montauk: Explorations in Consciousness;en
The Brooklyn Follies;en
Moon Palace;en
Timbuktu;en
Neon Lit: Paul Auster's City of Glass;en
The Music of Chance;en
Travels in the Scriptorium;en
Leviathan;en
The Red Notebook: True Stories;en
Timbuktu / Leviathan / Moon Palace;en
Why Write?;en
Collapse: How Societies Choose to Fail or Succeed;en
The Coming Economic Collapse: How You Can Thrive When Oil Costs $200 a Barrel;en
Collapse of Complex Societies;en
Bowling Alone: The Collapse and Revival of American Community;en
The Collapse of the Common Good: How America's Lawsuit Culture Undermines Our Freedom;en
Reinventing the Enemy's Language: Contemporary Native Women's Writings of North America;en
My Inventions;en
Wizard: The Life and Times of Nikola Tesla: Biography of a Genius;en
Nikola Tesla: A Spark of Genius;en
Tesla Papers;en
The Invention of Tradition;en
Boys of Summer;en
Programming Ruby: The Pragmatic Programmers' Guide;en
Golding's Lord of the Flies (Cliffs Notes);en
Lord of the Flies;en
A War Like No Other: How the Athenians & Spartans Fought the Peloponnesian War;en
We Were Not Like Other People;en
The Lovely Bones;en
Lovely in Her Bones (Elizabeth MacPherson  #2);en
The Zen of CSS Design: Visual Enlightenment for the Web;en
HTML  XHTML  and CSS (Visual Quickstart Guide);en
1000 Record Covers;en
Killing Yourself to Live: 85% of a True Story;en
Sex  Drugs  and Cocoa Puffs: A Low Culture Manifesto;en
Reefer Madness: Sex  Drugs  and Cheap Labor in the American Black Market;en
Vice (V  #8);en
Zen and the Art of Motorcycle Maintenance: An Inquiry Into Values;en
Once Upon a Cool Motorcycle Dude;en
Guidebook to Zen and the Art of Motorcycle Maintenance;en
Motorcycle Basics Techbook;en
LOGO Lounge: 2 000 International Identities by Leading Designers;en
The Death of Ivan Ilych And Other Stories;en
War and Peace;en
The Kingdom of God Is Within You;en
Hunters Of Dune (Dune Chronicles  #7);en
Atlas Shrugged;en
For the New Intellectual: The Philosophy of Ayn Rand;en
The Fountainhead;en
The Virtue of Selfishness: A New Concept of Egoism;en
We the Living;en
Capitalism: The Unknown Ideal;en
Letters of Ayn Rand;en
Sailing for Dummies;en
Sailing from Byzantium: How a Lost Empire Shaped the World;en
Sailing Alone Around the Room: New and Selected Poems;en
The Greatest Sailing Stories Ever Told: Twenty-Seven Unforgettable Stories;en
Natural Cures "They" Don't Want You to Know about;en
The Natural;en
Rereading America: Cultural Contexts for Critical Thinking and Writing;en
Modern Latin America;en
The Plot Against America;en
America (The Book): A Citizen's Guide to Democracy Inaction;en
Naked Pictures of Famous People;en
Collected Stories;en
Crónica de una muerte anunciada;en
Del amor y otros demonios;en
Living to Tell the Tale;en
Memoria de mis putas tristes;en
The Elegant Universe: Superstrings  Hidden Dimensions  and the Quest for the Ultimate Theory;en
Pure and Simple: The Extraordinary Teachings of a Thai Buddhist Laywoman;en
The Mini Rough Guide to London;en
London: City Guide (Lonely Planet City Guide);en
London;en
Lonely Planet Londres;en
Out to Eat London 2002 (Lonely Planet Out to Eat);en
Three Nights in August: Strategy  Heartbreak  and Joy Inside the Mind of a Manager;en
Cryptonomicon;en
Golgotha (Cryptonomicon  #3);en
Le Réseau Kinakuta (Cryptonomicon  #2);en
The Confusion (The Baroque Cycle  #2);en
Quicksilver (The Baroque Cycle  #1);en
The Cobweb;en
Zodiac;en
The Big U;en
The Diamond Age: Or  A Young Lady's Illustrated Primer;en
Interface;en
Odalisque (The Baroque Cycle  Vol. 1  Book 3);en
Snow Crash;en
Harrington on Hold 'em: Expert Strategy for No-Limit Tournaments  Volume II: The Endgame;en
Harrington on Hold 'em: Expert Strategy for No-Limit Tournaments  Volume I: Strategic Play;en
The Design of Everyday Things;en
Emotional Design: Why We Love (or Hate) Everyday Things;en
The Psychology of Everyday Things;en
No Price Too High: A Pentecostal Preacher Becomes Catholic - The Inspirational Story of Alex Jones as Told to Diane Hanson;en
The Alchemist;en
Fullmetal Alchemist  Vol. 9 (Fullmetal Alchemist  #9);en
Fullmetal Alchemist  Vol. 3 (Fullmetal Alchemist  #3);en
Fullmetal Alchemist  Vol. 8 (Fullmetal Alchemist  #8);en
Fullmetal Alchemist  Vol. 1 (Fullmetal Alchemist  #1);en
Fullmetal Alchemist  Vol. 4 (Fullmetal Alchemist  #4);en
The Illustrated Alchemist: A Fable about Following Your Dream;en
Fullmetal Alchemist  Vol. 2 (Fullmetal Alchemist  #2);en
The Kite Runner;en
Pompeii;en
The Last Days of Pompeii;en
Of Mice and Men;en
The Game: Penetrating the Secret Society of Pickup Artists;en
The Westing Game;en
The Egypt Game;en
Memoirs of a Geisha;en
Memoirs of a Geisha: A Portrait of the Film;en
Geisha of Gion;en
Memoirs Of A Geisha;en
Love As A Foreign Language #5;en
Jungle Love;en
First Impressions;en
The 5 Love Languages / The 5 Love Languages Journal;en
Angels & Demons (Robert Langdon  #1);en
Ángeles y demonios (Robert Langdon  #1);en
Angeles & Demonios;en
The Da Vinci Code (Robert Langdon  #2);en
The Da Vinci Code;en
Da Vinci Code (Robert Langdon  #2);en
Deception Point;en
حقيقة الخديعة;en
A Killing Rain (Louis Kincaid  #6);en
Eye of the Storm (Hudson  #3);en
The Millionaire Next Door: The Surprising Secrets of America's Wealthy;en
Think and Grow Rich: The Landmark Bestseller Now Revised and Updated for the 21st Century;en
Think and Grow Rich;en
Pragmatic Version Control: Using Subversion (The Pragmatic Starter Kit Series);en
Read My Lips: Sexual Subversion and the End of Gender;en
Trump: The Art of the Deal;en
The Richest Man in Babylon;en
Shibumi;en
1776;en
The Crescent Obscured: The United States and the Muslim World  1776-1815;en
Gap Creek;en
The Good Earth (House of Earth  #1);en
The Good Earth;en
Purpose Driven Life - For Commuters: What on Earth Am I Here For?;en
Purpose Driven Life;en
Fast Food Nation: The Dark Side of the All-American Meal;en
Fast Food Nation: What The All-American Meal is Doing to the World;en
Snow Flower and the Secret Fan;en
The Broker;en
The Power Broker: Robert Moses and the Fall of New York;en
The Power Broker: A Novel (Christian Gillette  #3);en
Body For Life: 12 Weeks to Mental and Physical Strength;en
Body for Life for Women: A Woman's Plan for Physical and Mental Transformation;en
Eating for Life: Your Guide to Great Health  Fat Loss and Increased Energy!;en
The Warren Buffett Way;en
The Warren Buffett CEO: Secrets from the Berkshire Hathaway Managers;en
Monkey Business: True Story of the Scopes Trial;en
Junie B. Jones and a Little Monkey Business (Junie B. Jones  #2);en
Monkey Business;en
Liar's Poker;en
Liar's Poker: A Harry Garnish Mystery;en
Giada's Family Dinners;en
Everyday Italian: 125 Simple and Delicious Recipes;en
Everyday Pasta;en
Tyler's Ultimate: Brilliant Simple Food to Make Any Time;en
Tyler Florence's Real Kitchen: An Indespensible Guide for Anybody Who Likes to Cook;en
Eat This Book: Cooking with Global Fresh Flavors;en
Freakonomics: Un economista políticamente incorrecto explora el lado oculto de lo que nos afecta;en
Freakonomics  - O Estranho Mundo da Economia;en
Collapse;en
Life of Pi;en
Vida de Pi;en
L'Histoire de Pi;en
The Shadow of the Wind (The Cemetery of Forgotten Books  #1);en
Shadows and Wind: A View of Modern Vietnam;en
A Million Little Pieces;en
A Million Little Pieces of Feces;en
A Million Little Lies;en
The Leadership Challenge;en
Lincoln on Leadership: Executive Strategies for Tough Times;en
Leadership in Organizations;en
Leadership Through the Ages: A Collection of Favorite Quotations;en
Leadership;en
Men Are from Mars  Women Are from Venus;en
Men are from Mars  Women are from Venus;en
Men Are From Mars  Women Are From Venus: A Practical Guide For Improving Communication and Getting What You Want;en
How to Succeed with Women;en
The Clan of the Cave Bear (Earth's Children  #1);en
The Clan of the Cave Bear  Part 1 of 2 (Earth's Children  #1);en
The Clan of the Cave Bear  Part 2 of 2 (Earth's Children  #1);en
Moneyball: The Art of Winning an Unfair Game;en
Juiced Official Strategy Guide;en
The 48 Laws of Power;en
Gates of Fire: An Epic Novel of the Battle of Thermopylae;en
Gates Of Fire;en
Fire Sea (The Death Gate Cycle  #3);en
The Gate of Fire (Oath Of Empire Book Two);en
The Afghan Campaign;en
Tides of War;en
Last of the Amazons;en
The War of Art: Break Through the Blocks & Win Your Inner Creative Battles;en
Gita on the Green;en
Blood Stripes: The Grunt's View of the War in Iraq;en
Phaedrus and Letters VII and VIII;en
Phaedrus;en
Euthyphro. Apology. Crito. Phaedo. Phaedrus.;en
Babrius and Phaedrus: Fables (Loeb Classical Library #436);en
Parmenides/Philebus/Symposium/Phaedrus/Alcibiades 1-2/Hipparchus/Amatores (Platonis Opera  #2);en
Lysis/Phaedrus/Symposium: Plato on Homosexuality;en
Enthusiasm and Divine Madness;en
On Love: Lysis/Symposium/Phaedrus/Alcibiades/Selections from Republic & Laws;en
Statesman;en
Gorgias;en
Lysis/Symposium/Gorgias;en
The Histories;en
The History;en
The Iliad;en
Iliad;en
The Iliad/The Odyssey;en
The Essential Iliad;en
The Odyssey;en
Aeneid: Selections from Books 1  2  4  6  10  12;en
Eclogues. Georgics. Aeneid: Books 1-6;en
City Eclogue;en
The Eclogues and The Georgics;en
Paul Kirk's Championship Barbecue Sauces: 175 Make-Your-Own Sauces  Marinades  Dry Rubs  Wet Rubs  Mops and Salsas;en
The Riverside Shakespeare;en
The Complete Pelican Shakespeare;en
The Complete Works;en
Hamlet;en
The Oxford Shakespeare: The Complete Works;en
The Compleat Works of Wllm Shkspr (abridged);en
The Pilgrimage: A Contemporary Quest for Ancient Wisdom;en
The Valkyries;en
Warrior of the Light;en
By the River Piedra I Sat Down and Wept;en
The Fifth Mountain;en
Eleven Minutes;en
Veronika Decides to Die;en
Cliffs Notes on Shakespeare's Hamlet;en
Shakespeare's Hamlet;en
Hamlet's Mill: An Essay Investigating  the Origins of Human Knowledge & Its Transmission Through Myth;en
History of the Peloponnesian War: Bk. 1-2;en
On Justice  Power and Human Nature: Selections from The History of the Peloponnesian War;en
History of the Peloponnesian War: Bk. 5-6;en
The Peloponnesian War;en
The Peloponnesian War: A New Translation  Backgrounds  Interpretations;en
History of the Peloponnesian War  Bk. 7-8;en
Thucydides  Book 6 Commentary;en
Euripides I: Alcestis / The Medea / The Heracleidae / Hippolytus;en
Euripides V: Electra / The Phoenician Women / The Bacchae;en
Euripides IV: Rhesus / The Suppliant Women / Orestes / Iphigenia in Aulis;en
Grief Lessons: Four Plays by Euripides;en
Ten Plays;en
Euripides III: Hecuba / Andromache / The Trojan Women / Ion (Complete Greek Tragedies  #7);en
Euripides II: The Cyclops / Heracles / Iphigenia in Tauris / Helen;en
Medea and Other Plays;en
Medea;en
The Bacchae and Other Plays;en
Bakkhai;en
The Trojan Women and Hippolytus;en
The Bacchae of Euripides: A Communion Rite;en
Orestes and Other Plays;en
Alcestis;en
Suppliant Women  Electra  Heracles;en
Helen;en
Euripides: Medea;en
CliffsNotes on Euripides' Medea and Electra;en
Trojan Women/Iphigenia Among the Taurians/Ion;en
Euripides: Iphigenia at Aulis (Companions to Greek & Roman Tragedy);en
The Complete Greek Tragedies  Volume 3: Euripides;en
Aeschylus I: Oresteia (Agamemnon  The Libation Bearers  The Eumenides);en
Aeschylus II: The Suppliant Maidens  The Persians  Seven against Thebes  and Prometheus Bound (The Complete Greek Tragedies);en
The Oresteia;en
The Oresteia: Agamemnon  The Libation Bearers  The Eumenides;en
Oresteia;en
Prometheus Bound and Other Plays;en
Aeschylus  1: The Oresteia: Agamemnon/The Libation Bearers/The Eumenides;en
The Complete Greek Tragedies  Volume 1: Aeschylus;en
Aeschylus: The Oresteia (A Student Guide: Landmarks of World Literature);en
The Oresteia: Agamemnon  Choephoroe & Eumenides (Everyman's Library  No. 260);en
Aeschylus 2: The Persians/Seven Against Thebes/The Suppliants/Prometheus Bound;en
The Oresteia Trilogy: Agamemnon/The Libation-Bearers/The Furies;en
The Suppliant Maidens/The Persians/Seven against Thebes/Prometheus Bound;en
Sophocles II: Ajax/Women of Trachis/Electra/Philoctetes (Complete Greek Tragedies 4);en
The Oedipus Plays of Sophocles: Oedipus the King Oedipus at Colonus Antigone;en
The Complete Plays;en
The Oedipus Cycle: Oedipus Rex  Oedipus at Colonus  Antigone;en
The Three Theban Plays: Antigone  Oedipus the King  Oedipus at Colonus;en
Ajax/Electra/Oedipus Tyrannus;en
Theban Plays;en
The Theban Plays (Everyman's Library  #93);en
Electra and Other Plays;en
Antigone / Oedipus the King / Electra;en
Oedipus Rex  (The Theban Plays  #1);en
The Oedipus Plays of Sophocles;en
Oedipus Rex (Greek and Latin Classics);en
Oedipus the King;en
Four Plays: The Clouds/The Birds/Lysistrata/The Frogs;en
Three Plays by Aristophanes: Lysistrata/Women at the Thesmophoria/Assemblywomen;en
Aristophanes 1: The Acharnians/Peace/Celebrating Ladies/Wealth;en
Clouds/Wasps/Birds (Aristophanes 1);en
Lysistrata and Other Plays;en
Acharnians;en
Clouds;en
Clouds/Wasps/Peace;en
The Birds and Other Plays;en
Three Plays: The Wasps / The Poet and the Women / The Frogs;en
Four Comedies: Lysistrata / The Frogs / The Birds / Ladies' Day;en
Frogs/Assemblywomen/Wealth (Loeb Classical Library 180);en
Cliffs Notes on Aristophanes' Lysistrata  The Birds  The Clouds  The Frogs;en
Aristophanes and Athens: An Introduction to the Plays;en
Lysistrata;en
Peace;en
The Knights / Peace / The Birds / The Assembly Women / Wealth;en
Genres in Dialogue: Plato and the Construct of Philosophy;en
Night (The Night Trilogy  #1);en
The Curious Incident of the Dog in the Night-Time;en
The Night Gardener;en
A Midsummer Night's Dream;en
West with the Night;en
Twelfth Night;en
Brokeback Mountain;en
Close Range: Brokeback Mountain and Other stories;en
Getting Things Done: The Art of Stress-Free Productivity;en
Execution: The Discipline of Getting Things Done;en
Formas breves;en
El último lector;en
Money to Burn;en
Plata quemada;en
American Government: Continuity and Change  Alternate Edition;en
Essentials of American and Texas Government: Continuity and Change;en
El túnel;en
Sobre héroes y tumbas;en
